timestamp,funding_rate,source
1710115200,0.00041946,bybit
1710144000,0.00077869,bybit
1710172800,0.00074316,bybit
1710201600,0.00049803,bybit
1710230400,0.00051935,bybit
1710259200,0.00055529,bybit
1710288000,0.00034133,bybit
1710316800,0.0007759,bybit
1710345600,0.0004918,bybit
1710374400,0.00028643,bybit
1710403200,0.00048932,bybit
1710432000,0.00049306,bybit
1710460800,0.00050945,bybit
1710489600,0.0001,bybit
1710518400,0.0001,bybit
1710547200,0.0001,bybit
1710576000,0.0001,bybit
1710604800,0.0001,bybit
1710633600,0.0001,bybit
1710662400,0.0001,bybit
1710691200,0.00019339,bybit
1710720000,0.00013515,bybit
1710748800,0.00030244,bybit
1710777600,0.0001,bybit
1710806400,0.0001,bybit
1710835200,0.0001,bybit
1710864000,0.00011542,bybit
1710892800,0.0001,bybit
1710921600,0.0001,bybit
1710950400,0.0001,bybit
1710979200,0.0001,bybit
1711008000,0.0001,bybit
1711036800,0.0001,bybit
1711065600,0.0001,bybit
1711094400,0.0001,bybit
1711123200,0.0001,bybit
1711152000,0.0001,bybit
1711180800,0.0001,bybit
1711209600,0.0001,bybit
1711238400,0.0001,bybit
1711267200,0.0001,bybit
1711296000,0.0001,bybit
1711324800,0.0001,bybit
1711353600,0.0001,bybit
1711382400,0.00025614,bybit
1711411200,0.00010181,bybit
1711440000,0.00023139,bybit
1711468800,0.00032273,bybit
1711497600,0.00046291,bybit
1711526400,0.00032533,bybit
1711555200,0.00042313,bybit
1711584000,0.00037678,bybit
1711612800,0.00052851,bybit
1711641600,0.00047308,bybit
1711670400,0.00043346,bybit
1711699200,0.0003284,bybit
1711728000,0.00037754,bybit
1711756800,0.00026099,bybit
1711785600,0.0004336,bybit
1711814400,0.00035292,bybit
1711843200,0.0003051,bybit
1711872000,0.00044673,bybit
1711900800,0.00049276,bybit
1711929600,0.00065297,bybit
1711958400,0.00029626,bybit
1711987200,0.00024903,bybit
1712016000,0.00024486,bybit
1712044800,0.0001,bybit
1712073600,0.0001,bybit
1712102400,0.0001,bybit
1712131200,0.0001,bybit
1712160000,0.0001,bybit
1712188800,0.0001,bybit
1712217600,0.0001,bybit
1712246400,0.0001,bybit
1712275200,0.0001,bybit
1712304000,0.0001,bybit
1712332800,0.0001,bybit
1712361600,0.0001,bybit
1712390400,0.0001,bybit
1712419200,0.0001,bybit
1712448000,0.0001,bybit
1712476800,0.0001,bybit
1712505600,0.0001,bybit
1712534400,0.0001,bybit
1712563200,0.0001,bybit
1712592000,0.00021323,bybit
1712620800,0.00020982,bybit
1712649600,0.00015607,bybit
1712678400,0.00016704,bybit
1712707200,0.00011987,bybit
1712736000,0.0001,bybit
1712764800,0.0001,bybit
1712793600,0.0001,bybit
1712822400,0.0001,bybit
1712851200,0.0001,bybit
1712880000,0.0001,bybit
1712908800,0.0001,bybit
1712937600,0.0001,bybit
1712966400,0.0001,bybit
1712995200,0.0001,bybit
1713024000,0.0001,bybit
1713052800,0.00007356,bybit
1713081600,0.0001,bybit
1713110400,0.0001,bybit
1713139200,0.00008288,bybit
1713168000,-0.00003849,bybit
1713196800,0.00000541,bybit
1713225600,0.00008676,bybit
1713254400,0.00006221,bybit
1713283200,0.00006552,bybit
1713312000,0.00003688,bybit
1713340800,0.00000663,bybit
1713369600,0.00004406,bybit
1713398400,0.00007307,bybit
1713427200,-0.00004087,bybit
1713456000,-0.00005366,bybit
1713484800,-0.00002998,bybit
1713513600,0.0001,bybit
1713542400,0.00005565,bybit
1713571200,0.0000358,bybit
1713600000,0.00000943,bybit
1713628800,-0.00006986,bybit
1713657600,-0.00001858,bybit
1713686400,0.00004833,bybit
1713715200,0.00005023,bybit
1713744000,0.00009377,bybit
1713772800,0.0001,bybit
1713801600,-0.00007379,bybit
1713830400,-0.00015398,bybit
1713859200,-0.00001744,bybit
1713888000,0.00007572,bybit
1713916800,0.0001,bybit
1713945600,0.0001,bybit
1713974400,0.0000493,bybit
1714003200,0.0001,bybit
1714032000,-0.00001371,bybit
1714060800,0.00002499,bybit
1714089600,-0.00001077,bybit
1714118400,-0.00003421,bybit
1714147200,0.00006161,bybit
1714176000,0.0001,bybit
1714204800,0.0001,bybit
1714233600,0.0001,bybit
1714262400,0.0000402,bybit
1714291200,0.0000792,bybit
1714320000,0.000079,bybit
1714348800,0.00001802,bybit
1714377600,-0.00005782,bybit
1714406400,0.0001,bybit
1714435200,0.0000143,bybit
1714464000,0.00000638,bybit
1714492800,0.00008364,bybit
1714521600,0.0001,bybit
1714550400,0.0001,bybit
1714579200,0.00005046,bybit
1714608000,0.00001443,bybit
1714636800,0.0001,bybit
1714665600,-0.0001045,bybit
1714694400,-0.00009395,bybit
1714723200,-0.00005166,bybit
1714752000,-0.00008669,bybit
1714780800,-0.00009541,bybit
1714809600,0.00001769,bybit
1714838400,-0.00002317,bybit
1714867200,0.00003013,bybit
1714896000,0.00007133,bybit
1714924800,0.0001,bybit
1714953600,0.00004545,bybit
1714982400,0.00007226,bybit
1715011200,0.00008717,bybit
1715040000,0.0001,bybit
1715068800,0.0001,bybit
1715097600,0.0001,bybit
1715126400,0.0001,bybit
1715155200,0.0001,bybit
1715184000,0.0001,bybit
1715212800,0.0001,bybit
1715241600,0.00004634,bybit
1715270400,0.00008999,bybit
1715299200,0.00000272,bybit
1715328000,0.00001145,bybit
1715356800,0.0001,bybit
1715385600,0.0001,bybit
1715414400,0.0001,bybit
1715443200,0.0001,bybit
1715472000,0.0001,bybit
1715500800,0.00005654,bybit
1715529600,0.0001,bybit
1715558400,-0.00000144,bybit
1715587200,0.00009033,bybit
1715616000,0.00000959,bybit
1715644800,-0.00002451,bybit
1715673600,0.0001,bybit
1715702400,0.00009399,bybit
1715731200,0.00006589,bybit
1715760000,0.00003598,bybit
1715788800,-0.00006766,bybit
1715817600,0.00003295,bybit
1715846400,0.00006558,bybit
1715875200,0.00002947,bybit
1715904000,0.0001,bybit
1715932800,0.0001,bybit
1715961600,0.0001,bybit
1715990400,0.00002216,bybit
1716019200,0.00007849,bybit
1716048000,0.00001546,bybit
1716076800,0.00004445,bybit
1716105600,0.00009105,bybit
1716134400,0.00007228,bybit
1716163200,0.00001894,bybit
1716192000,0.0001,bybit
1716220800,0.00006146,bybit
1716249600,0.0001,bybit
1716278400,0.0001,bybit
1716307200,0.0001,bybit
1716336000,0.0001,bybit
1716364800,0.0001,bybit
1716393600,0.0001,bybit
1716422400,0.0001,bybit
1716451200,0.00015256,bybit
1716480000,0.00010356,bybit
1716508800,0.0001,bybit
1716537600,0.0001,bybit
1716566400,0.0001,bybit
1716595200,0.0001,bybit
1716624000,0.0001,bybit
1716652800,0.0001,bybit
1716681600,0.0001,bybit
1716710400,0.0001,bybit
1716739200,0.0001,bybit
1716768000,0.0001,bybit
1716796800,0.0001,bybit
1716825600,0.0001,bybit
1716854400,0.0001,bybit
1716883200,0.0001,bybit
1716912000,0.0001,bybit
1716940800,0.0001,bybit
1716969600,0.00010687,bybit
1716998400,0.0001,bybit
1717027200,0.0001,bybit
1717056000,0.0001,bybit
1717084800,0.0001,bybit
1717113600,0.0001,bybit
1717142400,0.0001,bybit
1717171200,0.0001,bybit
1717200000,0.0001,bybit
1717228800,0.0001,bybit
1717257600,0.0001,bybit
1717286400,0.0001,bybit
1717315200,0.0001,bybit
1717344000,0.0001,bybit
1717372800,0.0001,bybit
1717401600,0.0001,bybit
1717430400,0.0001,bybit
1717459200,0.0001,bybit
1717488000,0.00016251,bybit
1717516800,0.0001,bybit
1717545600,0.0001,bybit
1717574400,0.0001104,bybit
1717603200,0.0001,bybit
1717632000,0.0001,bybit
1717660800,0.0001,bybit
1717689600,0.0001,bybit
1717718400,0.0001,bybit
1717747200,0.0001,bybit
1717776000,0.00014636,bybit
1717804800,0.00015015,bybit
1717833600,0.0001,bybit
1717862400,0.0001,bybit
1717891200,0.0001,bybit
1717920000,0.0001,bybit
1717948800,0.0001,bybit
1717977600,0.0001,bybit
1718006400,0.0001,bybit
1718035200,0.0001,bybit
1718064000,0.0001,bybit
1718092800,0.0001,bybit
1718121600,0.0001,bybit
1718150400,0.00002722,bybit
1718179200,0.00001528,bybit
1718208000,0.00002555,bybit
1718236800,0.0001,bybit
1718265600,0.00004526,bybit
1718294400,0.00004705,bybit
1718323200,0.00002162,bybit
1718352000,0.0001,bybit
1718380800,0.00004866,bybit
1718409600,0.00000849,bybit
1718438400,0.00009013,bybit
1718467200,0.00002833,bybit
1718496000,0.00001204,bybit
1718524800,-0.00001968,bybit
1718553600,-0.00002464,bybit
1718582400,-0.00002987,bybit
1718611200,0.0000041,bybit
1718640000,-0.00000986,bybit
1718668800,0.00000232,bybit
1718697600,0.0001,bybit
1718726400,0.00006445,bybit
1718755200,0.0001,bybit
1718784000,0.00007993,bybit
1718812800,0.00000173,bybit
1718841600,0.00008409,bybit
1718870400,0.0001,bybit
1718899200,0.0001,bybit
1718928000,0.000076,bybit
1718956800,-0.00000157,bybit
1718985600,-0.00003133,bybit
1719014400,0.00009131,bybit
1719043200,-0.00007713,bybit
1719072000,0.00001375,bybit
1719100800,0.00001361,bybit
1719129600,-0.00002913,bybit
1719158400,0.00003299,bybit
1719187200,0.00001505,bybit
1719216000,-0.00006977,bybit
1719244800,-0.0001414,bybit
1719273600,-0.0001186,bybit
1719302400,-0.00008286,bybit
1719331200,-0.00002683,bybit
1719360000,-0.00012635,bybit
1719388800,-0.00009366,bybit
1719417600,-0.00006612,bybit
1719446400,-0.00003526,bybit
1719475200,0.00004902,bybit
1719504000,0.00008267,bybit
1719532800,0.00003226,bybit
1719561600,0.00002455,bybit
1719590400,-0.00002545,bybit
1719619200,0.0001,bybit
1719648000,-0.0001494,bybit
1719676800,0.00005126,bybit
1719705600,-0.0000587,bybit
1719734400,-0.00006335,bybit
1719763200,-0.00014348,bybit
1719792000,-0.00001829,bybit
1719820800,-0.00011856,bybit
1719849600,-0.00003625,bybit
1719878400,-0.0000661,bybit
1719907200,-0.00000581,bybit
1719936000,0.00005178,bybit
1719964800,0.00004183,bybit
1719993600,0.00003338,bybit
1720022400,-0.00002314,bybit
1720051200,0.00005803,bybit
1720080000,0.00003251,bybit
1720108800,-0.00002617,bybit
1720137600,0.00004545,bybit
1720166400,0.0001,bybit
1720195200,0.00001577,bybit
1720224000,-0.00001215,bybit
1720252800,0.00007586,bybit
1720281600,0.00005275,bybit
1720310400,-0.00005467,bybit
1720339200,0.0001,bybit
1720368000,0.00005711,bybit
1720396800,-0.00002263,bybit
1720425600,0.00008711,bybit
1720454400,0.0001,bybit
1720483200,0.00008992,bybit
1720512000,0.0001,bybit
1720540800,0.0001,bybit
1720569600,0.0001,bybit
1720598400,0.00003916,bybit
1720627200,0.0001,bybit
1720656000,0.0001,bybit
1720684800,0.0000413,bybit
1720713600,0.00000784,bybit
1720742400,0.0001,bybit
1720771200,0.00004673,bybit
1720800000,-0.00003418,bybit
1720828800,-0.00000164,bybit
1720857600,0.00000098,bybit
1720886400,0.0000782,bybit
1720915200,0.00005461,bybit
1720944000,0.0001,bybit
1720972800,0.00002743,bybit
1721001600,0.00000134,bybit
1721030400,-0.00000493,bybit
1721059200,0.0001,bybit
1721088000,-0.00004633,bybit
1721116800,0.0001,bybit
1721145600,0.0001,bybit
1721174400,0.00008038,bybit
1721203200,0.0001,bybit
1721232000,-0.00001974,bybit
1721260800,0.00000266,bybit
1721289600,0.00005085,bybit
1721318400,0.0000133,bybit
1721347200,0.00009438,bybit
1721376000,0.0001,bybit
1721404800,0.0001,bybit
1721433600,0.00009501,bybit
1721462400,0.0000495,bybit
1721491200,0.00003897,bybit
1721520000,0.00008307,bybit
1721548800,0.00006724,bybit
1721577600,0.0001,bybit
1721606400,0.0001,bybit
1721635200,0.0001,bybit
1721664000,0.0001,bybit
1721692800,0.00005306,bybit
1721721600,0.0001,bybit
1721750400,0.00003978,bybit
1721779200,0.0001,bybit
1721808000,0.0001,bybit
1721836800,0.0001,bybit
1721865600,0.0001,bybit
1721894400,0.0001,bybit
1721923200,0.0001,bybit
1721952000,0.00002176,bybit
1721980800,0.00006204,bybit
1722009600,0.00005936,bybit
1722038400,0.00008304,bybit
1722067200,0.0001,bybit
1722096000,0.0001,bybit
1722124800,0.0001,bybit
1722153600,0.0001,bybit
1722182400,0.0001,bybit
1722211200,0.0001,bybit
1722240000,0.0001,bybit
1722268800,0.0001,bybit
1722297600,0.0001,bybit
1722326400,-0.00011367,bybit
1722355200,0.00007656,bybit
1722384000,0.0001,bybit
1722412800,0.0001,bybit
1722441600,0.00004863,bybit
1722470400,0.00009544,bybit
1722499200,0.00007135,bybit
1722528000,0.00003459,bybit
1722556800,0.0001,bybit
1722585600,0.0001,bybit
1722614400,0.00002532,bybit
1722643200,0.00000223,bybit
1722672000,-0.00005581,bybit
1722700800,0.00000073,bybit
1722729600,0.00003485,bybit
1722758400,0.00003978,bybit
1722787200,0.00000503,bybit
1722816000,0.00001975,bybit
1722844800,-0.00000592,bybit
1722873600,-0.00005066,bybit
1722902400,0.00000757,bybit
1722931200,0.00001866,bybit
1722960000,0.0001,bybit
1722988800,0.00002722,bybit
1723017600,0.00006767,bybit
1723046400,0.0001,bybit
1723075200,0.00004616,bybit
1723104000,0.00009389,bybit
1723132800,-0.00002911,bybit
1723161600,-0.0000192,bybit
1723190400,0.00002569,bybit
1723219200,-0.00001845,bybit
1723248000,0.00004448,bybit
1723276800,0.0001,bybit
1723305600,0.00005312,bybit
1723334400,0.00008623,bybit
1723363200,0.00003775,bybit
1723392000,-0.00002976,bybit
1723420800,0.0001,bybit
1723449600,0.0001,bybit
1723478400,0.00002174,bybit
1723507200,-0.00000123,bybit
1723536000,0.0001,bybit
1723564800,0.00004726,bybit
1723593600,-0.0000185,bybit
1723622400,-0.00000316,bybit
1723651200,-0.00001699,bybit
1723680000,0.00001011,bybit
1723708800,0.0000192,bybit
1723737600,0.00005472,bybit
1723766400,0.00003989,bybit
1723795200,0.00004876,bybit
1723824000,0.00003934,bybit
1723852800,0.00006207,bybit
1723881600,0.00006351,bybit
1723910400,0.00008377,bybit
1723939200,0.00007872,bybit
1723968000,-0.00000312,bybit
1723996800,0.00001326,bybit
1724025600,0.00001276,bybit
1724054400,-0.00001638,bybit
1724083200,0.00000469,bybit
1724112000,-0.00002908,bybit
1724140800,0.00006912,bybit
1724169600,0.00001082,bybit
1724198400,-0.00003496,bybit
1724227200,-0.00002723,bybit
1724256000,0.00000096,bybit
1724284800,-0.00000761,bybit
1724313600,0.00004547,bybit
1724342400,0.0000623,bybit
1724371200,0.0001,bybit
1724400000,0.00007561,bybit
1724428800,0.00002511,bybit
1724457600,-0.00002164,bybit
1724486400,0.00008709,bybit
1724515200,0.00009036,bybit
1724544000,0.0001,bybit
1724572800,0.00003955,bybit
1724601600,0.0001,bybit
1724630400,0.0000824,bybit
1724659200,0.0000038,bybit
1724688000,0.00006223,bybit
1724716800,0.00008141,bybit
1724745600,0.00007353,bybit
1724774400,0.0001,bybit
1724803200,-0.00000789,bybit
1724832000,-0.00000581,bybit
1724860800,-0.0000324,bybit
1724889600,0.00001018,bybit
1724918400,0.00003501,bybit
1724947200,0.00000616,bybit
1724976000,-0.0001219,bybit
1725004800,0.00001737,bybit
1725033600,0.00001815,bybit
1725062400,0.00003389,bybit
1725091200,0.00007128,bybit
1725120000,0.00004759,bybit
1725148800,0.00009478,bybit
1725177600,0.00004649,bybit
1725206400,-0.00000928,bybit
1725235200,-0.00002521,bybit
1725264000,-0.00004265,bybit
1725292800,0.00003884,bybit
1725321600,0.00002799,bybit
1725350400,0.00002372,bybit
1725379200,0.00007738,bybit
1725408000,0.00004569,bybit
1725436800,0.00000358,bybit
1725465600,-0.00002771,bybit
1725494400,-0.00004165,bybit
1725523200,-0.00000239,bybit
1725552000,0.00000848,bybit
1725580800,-0.00004633,bybit
1725609600,-0.0000166,bybit
1725638400,0.00000186,bybit
1725667200,0.00002842,bybit
1725696000,0.0000243,bybit
1725724800,0.00003364,bybit
1725753600,0.0000468,bybit
1725782400,0.00001751,bybit
1725811200,0.00003261,bybit
1725840000,0.00009883,bybit
1725868800,0.00009123,bybit
1725897600,-0.0000354,bybit
1725926400,0.0001,bybit
1725955200,0.00001276,bybit
1725984000,0.00000995,bybit
1726012800,0.00004027,bybit
1726041600,0.00001728,bybit
1726070400,0.00009155,bybit
1726099200,0.00000315,bybit
1726128000,0.00006624,bybit
1726156800,0.00002538,bybit
1726185600,0.00003154,bybit
1726214400,-0.0000431,bybit
1726243200,0.00001552,bybit
1726272000,-0.00001724,bybit
1726300800,-0.00000795,bybit
1726329600,-0.00002375,bybit
1726358400,0.00007514,bybit
1726387200,0.00000208,bybit
1726416000,0.00007324,bybit
1726444800,0.00003377,bybit
1726473600,0.00002239,bybit
1726502400,0.00004538,bybit
1726531200,0.0001,bybit
1726560000,0.00007666,bybit
1726588800,0.00002251,bybit
1726617600,0.00000648,bybit
1726646400,0.00005549,bybit
1726675200,0.00008846,bybit
1726704000,0.00009784,bybit
1726732800,0.00006603,bybit
1726761600,0.00005137,bybit
1726790400,0.00003807,bybit
1726819200,-0.00001615,bybit
1726848000,0.0001,bybit
1726876800,0,bybit
1726905600,-0.0000054,bybit
1726934400,-0.00001119,bybit
1726963200,-0.00000558,bybit
1726992000,-0.00004374,bybit
1727020800,0.00005468,bybit
1727049600,0.0001,bybit
1727078400,-0.00001126,bybit
1727107200,0.00004386,bybit
1727136000,0.00008154,bybit
1727164800,0.00007883,bybit
1727193600,0.00002404,bybit
1727222400,0.0001,bybit
1727251200,0.0001,bybit
1727280000,0.0001,bybit
1727308800,0.0001,bybit
1727337600,0.0001,bybit
1727366400,0.00009007,bybit
1727395200,0.00007718,bybit
1727424000,0.0000868,bybit
1727452800,0.0000378,bybit
1727481600,0.00004588,bybit
1727510400,0.0001,bybit
1727539200,0.00006532,bybit
1727568000,0.0001,bybit
1727596800,0.0001,bybit
1727625600,0.0001,bybit
1727654400,0.0001,bybit
1727683200,0.0001,bybit
1727712000,0.0001,bybit
1727740800,0.00002677,bybit
1727769600,0.00000208,bybit
1727798400,0.0000526,bybit
1727827200,0.0001,bybit
1727856000,0.00009064,bybit
1727884800,-0.00000913,bybit
1727913600,0.00007216,bybit
1727942400,0.0001,bybit
1727971200,0.00007355,bybit
1728000000,0.0001,bybit
1728028800,0.00000878,bybit
1728057600,0.00006585,bybit
1728086400,0.00001457,bybit
1728115200,0.00003716,bybit
1728144000,0.00007081,bybit
1728172800,0.0001,bybit
1728201600,0.0001,bybit
1728230400,0.00004254,bybit
1728259200,0.00001298,bybit
1728288000,0.00000109,bybit
1728316800,0.00008184,bybit
1728345600,-0.00002285,bybit
1728374400,-0.00000639,bybit
1728403200,0.0000006,bybit
1728432000,0.00002239,bybit
1728460800,0.00008393,bybit
1728489600,0.00008869,bybit
1728518400,0.00002703,bybit
1728547200,0.00005089,bybit
1728576000,0.00006638,bybit
1728604800,0.00000744,bybit
1728633600,0.00004712,bybit
1728662400,0.0001,bybit
1728691200,0.0001,bybit
1728720000,0.0001,bybit
1728748800,0.00006714,bybit
1728777600,0.0000918,bybit
1728806400,0.00005896,bybit
1728835200,0.00006966,bybit
1728864000,0.00006128,bybit
1728892800,0.0001,bybit
1728921600,0.0001,bybit
1728950400,0.0001,bybit
1728979200,0.0001,bybit
1729008000,0.0001,bybit
1729036800,0.0001,bybit
1729065600,0.0001,bybit
1729094400,0.0001,bybit
1729123200,0.0001,bybit
1729152000,0.0001,bybit
1729180800,0.0001,bybit
1729209600,0.00008463,bybit
1729238400,0.0001,bybit
1729267200,0.0001,bybit
1729296000,0.0001,bybit
1729324800,0.0001,bybit
1729353600,0.0001,bybit
1729382400,0.0001,bybit
1729411200,0.0001,bybit
1729440000,0.0001,bybit
1729468800,0.0001,bybit
1729497600,0.0001,bybit
1729526400,0.0001,bybit
1729555200,0.0001,bybit
1729584000,0.0001,bybit
1729612800,0.0001,bybit
1729641600,0.0001,bybit
1729670400,0.0001,bybit
1729699200,0.0001,bybit
1729728000,0.0001,bybit
1729756800,0.0001,bybit
1729785600,0.0001,bybit
1729814400,0.0001,bybit
1729843200,0.00007097,bybit
1729872000,0.0001,bybit
1729900800,0.00007515,bybit
1729929600,0.0001,bybit
1729958400,0.00008614,bybit
1729987200,0.00008659,bybit
1730016000,0.0001,bybit
1730044800,0.00009734,bybit
1730073600,0.0001,bybit
1730102400,0.0001,bybit
1730131200,0.0001,bybit
1730160000,0.0001,bybit
1730188800,0.0001,bybit
1730217600,0.0001,bybit
1730246400,0.0001,bybit
1730275200,0.0001,bybit
1730304000,0.0001,bybit
1730332800,0.0001,bybit
1730361600,0.0001,bybit
1730390400,0.0001,bybit
1730419200,0.0001,bybit
1730448000,0.0001,bybit
1730476800,0.0001,bybit
1730505600,0.0001,bybit
1730534400,0.0001,bybit
1730563200,0.0001,bybit
1730592000,0.0001,bybit
1730620800,0.0001,bybit
1730649600,0.0001,bybit
1730678400,0.0001,bybit
1730707200,0.0001,bybit
1730736000,0.0001,bybit
1730764800,0.0001,bybit
1730793600,0.0001,bybit
1730822400,0.0001,bybit
1730851200,0.00007377,bybit
1730880000,0.0001,bybit
1730908800,0.0001,bybit
1730937600,0.0001,bybit
1730966400,0.00011201,bybit
1730995200,0.0001,bybit
1731024000,0.0001,bybit
1731052800,0.0001,bybit
1731081600,0.0001,bybit
1731110400,0.0001,bybit
1731139200,0.0001,bybit
1731168000,0.0001,bybit
1731196800,0.0001,bybit
1731225600,0.00032792,bybit
1731254400,0.00018979,bybit
1731283200,0.00039065,bybit
1731312000,0.00017995,bybit
1731340800,0.0001,bybit
1731369600,0.00038564,bybit
1731398400,0.00061844,bybit
1731427200,0.00050342,bybit
1731456000,0.00014477,bybit
1731484800,0.0001,bybit
1731513600,0.00035174,bybit
1731542400,0.0001,bybit
1731571200,0.00016549,bybit
1731600000,0.00012832,bybit
1731628800,0.0001,bybit
1731657600,0.0001,bybit
1731686400,0.0001,bybit
1731715200,0.00019471,bybit
1731744000,0.00039173,bybit
1731772800,0.00025031,bybit
1731801600,0.00029261,bybit
1731830400,0.00030785,bybit
1731859200,0.00035655,bybit
1731888000,0.00021098,bybit
1731916800,0.0005391,bybit
1731945600,0.00033111,bybit
1731974400,0.00031835,bybit
1732003200,0.00039932,bybit
1732032000,0.00024229,bybit
1732060800,0.0001,bybit
1732089600,0.00011458,bybit
1732118400,0.00016424,bybit
1732147200,0.0001,bybit
1732176000,0.00014189,bybit
1732204800,0.00017392,bybit
1732233600,0.00015928,bybit
1732262400,0.00028963,bybit
1732291200,0.00023833,bybit
1732320000,0.0001,bybit
1732348800,0.00017386,bybit
1732377600,0.00025348,bybit
1732406400,0.00034942,bybit
1732435200,0.00032388,bybit
1732464000,0.00029092,bybit
1732492800,0.00036288,bybit
1732521600,0.00035212,bybit
1732550400,0.00034875,bybit
1732579200,0.0001,bybit
1732608000,0.00012749,bybit
1732636800,0.0001,bybit
1732665600,0.00023609,bybit
1732694400,0.00023229,bybit
1732723200,0.00027093,bybit
1732752000,0.00019422,bybit
1732780800,0.00019894,bybit
1732809600,0.00023188,bybit
1732838400,0.00030861,bybit
1732867200,0.0002543,bybit
1732896000,0.00035268,bybit
1732924800,0.00016876,bybit
1732953600,0.00028189,bybit
1732982400,0.00015012,bybit
1733011200,0.0001532,bybit
1733040000,0.0003311,bybit
1733068800,0.00016625,bybit
1733097600,0.00015058,bybit
1733126400,0.00014214,bybit
1733155200,0.0001,bybit
1733184000,0.0001,bybit
1733212800,0.00025103,bybit
1733241600,0.00012348,bybit
1733270400,0.00027771,bybit
1733299200,0.00042588,bybit
1733328000,0.00036313,bybit
1733356800,0.00031187,bybit
1733385600,0.00108552,bybit
1733414400,0.00064806,bybit
1733443200,0.00013466,bybit
1733472000,0.0001,bybit
1733500800,0.0001,bybit
1733529600,0.00015125,bybit
1733558400,0.0001,bybit
1733587200,0.0001,bybit
1733616000,0.00026121,bybit
1733644800,0.00024888,bybit
1733673600,0.00029123,bybit
1733702400,0.00017858,bybit
1733731200,0.0001,bybit
1733760000,0.00015788,bybit
1733788800,0.0001,bybit
1733817600,0.0001,bybit
1733846400,0.0001,bybit
1733875200,0.0001,bybit
1733904000,0.0001,bybit
1733932800,0.0001,bybit
1733961600,0.0001,bybit
1733990400,0.0001,bybit
1734019200,0.0001,bybit
1734048000,0.0001,bybit
1734076800,0.0001,bybit
1734105600,0.0001,bybit
1734134400,0.0001,bybit
1734163200,0.0001,bybit
1734192000,0.0001,bybit
1734220800,0.0001,bybit
1734249600,0.0001,bybit
1734278400,0.0001,bybit
1734307200,0.0001,bybit
1734336000,0.0001,bybit
1734364800,0.0001,bybit
1734393600,0.0001,bybit
1734422400,0.0001,bybit
1734451200,0.0001,bybit
1734480000,0.0001,bybit
1734508800,0.00009332,bybit
1734537600,0.0001,bybit
1734566400,0.00006854,bybit
1734595200,-0.00004531,bybit
1734624000,-0.00002748,bybit
1734652800,-0.00004799,bybit
1734681600,0.00002774,bybit
1734710400,0.00009101,bybit
1734739200,-0.00002976,bybit
1734768000,-0.00003727,bybit
1734796800,-0.00001912,bybit
1734825600,0.00001532,bybit
1734854400,0.0000456,bybit
1734883200,0.00002233,bybit
1734912000,0.00002123,bybit
1734940800,0.00000435,bybit
1734969600,0.00003701,bybit
1734998400,0.0000498,bybit
1735027200,0.00005237,bybit
1735056000,0.00008079,bybit
1735084800,0.0001,bybit
1735113600,0.0001,bybit
1735142400,0.0001,bybit
1735171200,0.0001,bybit
1735200000,0.00006989,bybit
1735228800,0.00004138,bybit
1735257600,0.00001089,bybit
1735286400,0.00005263,bybit
1735315200,0.00000327,bybit
1735344000,0.00000693,bybit
1735372800,-0.00003321,bybit
1735401600,0.00000577,bybit
1735430400,0.00003548,bybit
1735459200,0.0000006,bybit
1735488000,0.00003159,bybit
1735516800,-0.00005981,bybit
1735545600,-0.00001761,bybit
1735574400,-0.00002975,bybit
1735603200,0.00000865,bybit
1735632000,-0.0000019,bybit
1735660800,0.0001,bybit
1735689600,0.0001,bybit
1735718400,0.00007085,bybit
1735747200,0.00006921,bybit
1735776000,0.0001,bybit
1735804800,0.0001,bybit
1735833600,0.0001,bybit
1735862400,0.0001,bybit
1735891200,0.00009015,bybit
1735920000,0.0001,bybit
1735948800,0.00003779,bybit
1735977600,0.00009859,bybit
1736006400,0.00005258,bybit
1736035200,0.0001,bybit
1736064000,0.0001,bybit
1736092800,0.00007478,bybit
1736121600,0.0001,bybit
1736150400,0.0001,bybit
1736179200,0.0001,bybit
1736208000,0.00005254,bybit
1736236800,0.00002899,bybit
1736265600,0.0001,bybit
1736294400,0.00008585,bybit
1736323200,0.00004936,bybit
1736352000,0.00009631,bybit
1736380800,0.0000643,bybit
1736409600,0.00005118,bybit
1736438400,-0.00000846,bybit
1736467200,0.00006938,bybit
1736496000,0.00000902,bybit
1736524800,0.00007043,bybit
1736553600,0.0000608,bybit
1736582400,0.00006697,bybit
1736611200,0.00004981,bybit
1736640000,0.0000831,bybit
1736668800,0.00006034,bybit
1736697600,0.00008847,bybit
1736726400,0.00009996,bybit
1736755200,0.00007361,bybit
1736784000,0.00000661,bybit
1736812800,0.0001,bybit
1736841600,0.0001,bybit
1736870400,0.0001,bybit
1736899200,0.00005343,bybit
1736928000,0.00007032,bybit
1736956800,0.0001,bybit
1736985600,0.00005755,bybit
1737014400,0.0001,bybit
1737043200,0.0001,bybit
1737072000,0.00007555,bybit
1737100800,0.0001,bybit
1737129600,0.0001,bybit
1737158400,0.00009347,bybit
1737187200,0.0001,bybit
1737216000,0.0001,bybit
1737244800,0.0001,bybit
1737273600,0.0001,bybit
1737302400,0.0001,bybit
1737331200,0.0001,bybit
1737360000,0.0001,bybit
1737388800,0.0001,bybit
1737417600,0.0001,bybit
1737446400,0.0001,bybit
1737475200,0.0001,bybit
1737504000,0.0001,bybit
1737532800,0.0001,bybit
1737561600,0.0001,bybit
1737590400,0.0001,bybit
1737619200,0.0001,bybit
1737648000,0.0001,bybit
1737676800,0.00004386,bybit
1737705600,0.00009463,bybit
1737734400,0.0001,bybit
1737763200,0.0001,bybit
1737792000,0.00007472,bybit
1737820800,0.00005217,bybit
1737849600,0.0001,bybit
1737878400,0.0001,bybit
1737907200,0.0001,bybit
1737936000,0.0001,bybit
1737964800,0.00000253,bybit
1737993600,0.00001349,bybit
1738022400,0.00000581,bybit
1738051200,0.00005241,bybit
1738080000,0.00000659,bybit
1738108800,-0.00002196,bybit
1738137600,0.00001792,bybit
1738166400,0.00006486,bybit
1738195200,0.00007587,bybit
1738224000,0.0001,bybit
1738252800,0.0001,bybit
1738281600,0.00001241,bybit
1738310400,0.00003319,bybit
1738339200,0.00002658,bybit
1738368000,-0.00014857,bybit
1738396800,-0.00011979,bybit
1738425600,-0.00002399,bybit
1738454400,-0.00001242,bybit
1738483200,-0.00001722,bybit
1738512000,-0.00002013,bybit
1738540800,0.00006421,bybit
1738569600,0.00001227,bybit
1738598400,-0.0000511,bybit
1738627200,-0.00001274,bybit
1738656000,0.0001,bybit
1738684800,0.00007932,bybit
1738713600,0.00001167,bybit
1738742400,0.00002633,bybit
1738771200,0.0001,bybit
1738800000,0.00006568,bybit
1738828800,0.0000801,bybit
1738857600,0.00006781,bybit
1738886400,0.00007196,bybit
1738915200,0.00003448,bybit
1738944000,0.00008283,bybit
1738972800,-0.00005658,bybit
1739001600,0.00001686,bybit
1739030400,0.00000656,bybit
1739059200,0.00002052,bybit
1739088000,0.00000927,bybit
1739116800,0.00003139,bybit
1739145600,0.00002217,bybit
1739174400,0.0000857,bybit
1739203200,0.00009182,bybit
1739232000,0.00007625,bybit
1739260800,0.00005578,bybit
1739289600,-0.00001778,bybit
1739318400,0.00001737,bybit
1739347200,0.00003227,bybit
1739376000,0.00000523,bybit
1739404800,0.00009802,bybit
1739433600,0.00006447,bybit
1739462400,0.00004455,bybit
1739491200,0.00008865,bybit
1739520000,0.0001,bybit
1739548800,0.0001,bybit
1739577600,0.00003027,bybit
1739606400,0.00000062,bybit
1739635200,0.00005122,bybit
1739664000,0.00005342,bybit
1739692800,-0.00001542,bybit
1739721600,0.0000033,bybit
1739750400,0.00000939,bybit
1739779200,0.0000311,bybit
1739808000,0.00000041,bybit
1739836800,0.00002818,bybit
1739865600,0.00001517,bybit
1739894400,0.00009433,bybit
1739923200,0.00009711,bybit
1739952000,0.0001,bybit
1739980800,0.0001,bybit
1740009600,0.0001,bybit
1740038400,0.0001,bybit
1740067200,0.0000778,bybit
1740096000,0.00001268,bybit
1740124800,0.00008046,bybit
1740153600,0.00003323,bybit
1740182400,0.0005139,bybit
1740211200,0.00025044,bybit
1740240000,0.0001,bybit
1740268800,0.0001,bybit
1740297600,0.0001,bybit
1740326400,0.0001,bybit
1740355200,0.0001,bybit
1740384000,0.0001,bybit
1740412800,0.0001,bybit
1740441600,0.0001,bybit
1740470400,0.0001,bybit
1740499200,0.0001,bybit
1740528000,0.0001,bybit
1740556800,0.0001,bybit
1740585600,0.00009698,bybit
1740614400,-0.00014527,bybit
1740643200,-0.00009552,bybit
1740672000,0.00008877,bybit
1740700800,0.0001,bybit
1740729600,0.0000261,bybit
1740758400,-0.00014671,bybit
1740787200,0.0001,bybit
1740816000,0.00004533,bybit
1740844800,0.00000917,bybit
1740873600,0.00007239,bybit
1740902400,0.0001,bybit
1740931200,0.00006936,bybit
1740960000,0.0001,bybit
1740988800,0.0001,bybit
1741017600,0.0001,bybit
1741046400,-0.00003351,bybit
1741075200,0.00000296,bybit
1741104000,0.0000123,bybit
1741132800,0.0001,bybit
1741161600,0.0001,bybit
1741190400,0.0001,bybit
1741219200,0.00002585,bybit
1741248000,0.0001,bybit
1741276800,0.00001038,bybit
1741305600,0.00001342,bybit
1741334400,0.0000804,bybit
1741363200,0.0001,bybit
1741392000,0.0001,bybit
1741420800,0.0000644,bybit
1741449600,0.00001288,bybit
1741478400,0.00003824,bybit
1741507200,0.00004848,bybit
1741536000,-0.000032,bybit
1741564800,-0.00029357,bybit
1741593600,-0.00007275,bybit
1741622400,-0.00008207,bybit
1741651200,0.00000832,bybit
1741680000,-0.00001591,bybit
1741708800,0.00006844,bybit
1741737600,0.00008765,bybit
1741766400,0.00007949,bybit
1741795200,0.00004824,bybit
1741824000,0.00005496,bybit
1741852800,0.00008477,bybit
1741881600,-0.00001285,bybit
1741910400,-0.00015919,bybit
1741939200,0.00004476,bybit
1741968000,0.0001,bybit
1741996800,0.0001,bybit
1742025600,0.0001,bybit
1742054400,0.00002487,bybit
1742083200,0.00009014,bybit
1742112000,0.00002721,bybit
1742140800,-0.00006539,bybit
1742169600,-0.00001937,bybit
1742198400,0.00006645,bybit
1742227200,-0.00000712,bybit
1742256000,-0.0000191,bybit
1742284800,0.00001801,bybit
1742313600,0.00000084,bybit
1742342400,-0.0000612,bybit
1742371200,0.00007579,bybit
1742400000,0.00007731,bybit
1742428800,0.00001139,bybit
1742457600,0.00007139,bybit
1742486400,-0.00000981,bybit
1742515200,-0.00001414,bybit
1742544000,0.00002088,bybit
1742572800,-0.00000534,bybit
1742601600,0.00004702,bybit
1742630400,0.00002873,bybit
1742659200,0.00000295,bybit
1742688000,-0.00001499,bybit
1742716800,0.00001609,bybit
1742745600,-0.00003516,bybit
1742774400,0.00001997,bybit
1742803200,0.00009114,bybit
1742832000,0.00002952,bybit
1742860800,0.00001676,bybit
1742889600,-0.00000448,bybit
1742918400,0.00000784,bybit
1742947200,-0.00001721,bybit
1742976000,0.00007133,bybit
1743004800,-0.00004927,bybit
1743033600,-0.00001904,bybit
1743062400,0.000047,bybit
1743091200,-0.00003998,bybit
1743120000,-0.00000541,bybit
1743148800,-0.00000706,bybit
1743177600,0.00003856,bybit
1743206400,0.00003739,bybit
1743235200,-0.00001692,bybit
1743264000,0.00000668,bybit
1743292800,0.00004207,bybit
1743321600,-0.00004333,bybit
1743350400,0.00000413,bybit
1743379200,-0.00000311,bybit
1743408000,0.00002713,bybit
1743436800,-0.00000319,bybit
1743465600,-0.00011844,bybit
1743494400,0.00002705,bybit
1743523200,0.00001751,bybit
1743552000,0.00002346,bybit
1743580800,-0.00002533,bybit
1743609600,-0.00002791,bybit
1743638400,-0.00002095,bybit
1743667200,0.00001376,bybit
1743696000,-0.00000899,bybit
1743724800,0.0001,bybit
1743753600,0.00009307,bybit
1743782400,0.00003029,bybit
1743811200,0.00009537,bybit
1743840000,0.00009739,bybit
1743868800,0.00003366,bybit
1743897600,0.00009173,bybit
1743926400,0.00009894,bybit
1743955200,0.00000377,bybit
1743984000,0.00000125,bybit
1744012800,-0.00003202,bybit
1744041600,0.00003657,bybit
1744070400,0.00000902,bybit
1744099200,0.00007245,bybit
1744128000,0.00003545,bybit
1744156800,0.00002267,bybit
1744185600,-0.00002068,bybit
1744214400,0.0001,bybit
1744243200,0.00009218,bybit
1744272000,0.0001,bybit
1744300800,0.00004691,bybit
1744329600,-0.00003007,bybit
1744358400,0.00004989,bybit
1744387200,0.0001,bybit
1744416000,0.00006951,bybit
1744444800,-0.00000906,bybit
1744473600,0.00001472,bybit
1744502400,0.00007698,bybit
1744531200,0.00001214,bybit
1744560000,-0.00000389,bybit
1744588800,-0.00003415,bybit
1744617600,0.00005162,bybit
1744646400,0.00003854,bybit
1744675200,0.00000392,bybit
1744704000,0.0001,bybit
1744732800,0.00007167,bybit
1744761600,-0.00006198,bybit
1744790400,-0.00009053,bybit
1744819200,-0.00001926,bybit
1744848000,-0.00000984,bybit
1744876800,0.00000812,bybit
1744905600,-0.00001058,bybit
1744934400,0.00003447,bybit
1744963200,0.00000296,bybit
1744992000,-0.00005146,bybit
1745020800,-0.00001215,bybit
1745049600,0.00006867,bybit
1745078400,0.0001,bybit
1745107200,0.00007048,bybit
1745136000,-0.00001807,bybit
1745164800,-0.0000766,bybit
1745193600,0.00001937,bybit
1745222400,0.0001,bybit
1745251200,0.00009109,bybit
1745280000,0.00003961,bybit
1745308800,0.00004038,bybit
1745337600,-0.00001936,bybit
1745366400,-0.00002647,bybit
1745395200,0.00005975,bybit
1745424000,0.00002238,bybit
1745452800,-0.00003794,bybit
1745481600,0.0000149,bybit
1745510400,-0.00000618,bybit
1745539200,0.00008908,bybit
1745568000,0.00003245,bybit
1745596800,0.00004921,bybit
1745625600,-0.00007485,bybit
1745654400,0.00001459,bybit
1745683200,0.00004978,bybit
1745712000,-0.00006573,bybit
1745740800,-0.00001749,bybit
1745769600,-0.00003295,bybit
1745798400,0.00001103,bybit
1745827200,0.00005621,bybit
1745856000,0.00000589,bybit
1745884800,-0.00004385,bybit
1745913600,0.00003872,bybit
1745942400,0.00001268,bybit
1745971200,-0.00002275,bybit
1746000000,0.00009197,bybit
1746028800,0.00000029,bybit
1746057600,-0.00000048,bybit
1746086400,0.00005255,bybit
1746115200,0.00003782,bybit
1746144000,-0.00003523,bybit
1746172800,0.00002857,bybit
1746201600,-0.0000303,bybit
1746230400,-0.00011068,bybit
1746259200,-0.00001484,bybit
1746288000,-0.00006553,bybit
1746316800,0.00000312,bybit
1746345600,0.00004616,bybit
1746374400,0.00003498,bybit
1746403200,-0.00007123,bybit
1746432000,0.00006744,bybit
1746460800,0.00002175,bybit
1746489600,-0.0000178,bybit
1746518400,-0.00000683,bybit
1746547200,0.00002767,bybit
1746576000,0.00001728,bybit
1746604800,0.00008919,bybit
1746633600,0.00001529,bybit
1746662400,0.00006604,bybit
1746691200,0.0001,bybit
1746720000,0.0001,bybit
1746748800,0.0001,bybit
1746777600,0.00009238,bybit
1746806400,0.00005521,bybit
1746835200,0.00007638,bybit
1746864000,0.0001,bybit
1746892800,0.0001,bybit
1746921600,0.00008081,bybit
1746950400,0.0001,bybit
1746979200,0.0001,bybit
1747008000,0.0001,bybit
1747036800,0.0001,bybit
1747065600,0.00007469,bybit
1747094400,0.00006072,bybit
1747123200,0.00004172,bybit
1747152000,0.00001231,bybit
1747180800,0.00002701,bybit
1747209600,0.00005778,bybit
1747238400,-0.00001591,bybit
1747267200,-0.00003808,bybit
1747296000,-0.00002825,bybit
1747324800,0.0000338,bybit
1747353600,-0.0000084,bybit
1747382400,0.00003052,bybit
1747411200,0.00001606,bybit
1747440000,-0.00000198,bybit
1747468800,0.00001723,bybit
1747497600,0.00002515,bybit
1747526400,0.00006156,bybit
1747555200,0.00003858,bybit
1747584000,0.0001,bybit
1747612800,0.0001,bybit
1747641600,0.00001146,bybit
1747670400,0.00005514,bybit
1747699200,0.00005531,bybit
1747728000,0.00007096,bybit
1747756800,0.0000044,bybit
1747785600,0.00005146,bybit
1747814400,0.00007956,bybit
1747843200,0.00004226,bybit
1747872000,0.00007967,bybit
1747900800,0.0001,bybit
1747929600,0.00009599,bybit
1747958400,0.00002206,bybit
1747987200,0.00005364,bybit
1748016000,0.00006534,bybit
1748044800,0.00002203,bybit
1748073600,0.00003436,bybit
1748102400,0.00004126,bybit
1748131200,0.00007422,bybit
1748160000,0.0001,bybit
1748188800,0.00005451,bybit
1748217600,0.0001,bybit
1748246400,0.0001,bybit
1748275200,0.00009627,bybit
1748304000,0.0001,bybit
1748332800,0.00003247,bybit
1748361600,0.00002161,bybit
1748390400,-0.00015645,bybit
1748419200,-0.00009526,bybit
1748448000,0.00003181,bybit
1748476800,0.00007753,bybit
1748505600,0.00005974,bybit
1748534400,-0.00001219,bybit
1748563200,0.0001,bybit
1748592000,0.00009532,bybit
1748620800,0.0001,bybit
1748649600,0.0001,bybit
1748678400,0.0001,bybit
1748707200,0.0001,bybit
1748736000,0.0001,bybit
1748764800,0.00009391,bybit
1748793600,0.00007421,bybit
1748822400,0.0001,bybit
1748851200,0.00006634,bybit
1748880000,0.00000594,bybit
1748908800,0.00002472,bybit
1748937600,-0.00001601,bybit
1748966400,0.00005591,bybit
1748995200,-0.00000582,bybit
1749024000,-0.00004859,bybit
1749052800,0.00003102,bybit
1749081600,0.00000335,bybit
1749110400,-0.00000224,bybit
1749139200,0.00001778,bybit
1749168000,0.000066,bybit
1749196800,0.00000475,bybit
1749225600,0.00001407,bybit
1749254400,-0.00005637,bybit
1749283200,0.0001,bybit
1749312000,0.00001688,bybit
1749340800,0.0000343,bybit
1749369600,-0.00001743,bybit
1749398400,-0.00002669,bybit
1749427200,-0.00003739,bybit
1749456000,0.00002264,bybit
1749484800,0.0001,bybit
1749513600,0.0000811,bybit
1749542400,0.00008419,bybit
1749571200,0.0001,bybit
1749600000,0.00007171,bybit
1749628800,0.00004509,bybit
1749657600,0.00005768,bybit
1749686400,0.00005521,bybit
1749715200,0.00007557,bybit
1749744000,0.00004748,bybit
1749772800,-0.00001155,bybit
1749801600,0.00006608,bybit
1749830400,0.00004363,bybit
1749859200,0.00000574,bybit
1749888000,-0.00001611,bybit
1749916800,-0.00002466,bybit
1749945600,0.00007299,bybit
1749974400,0.0000717,bybit
1750003200,0.0001,bybit
1750032000,0.00004753,bybit
1750060800,0.0001,bybit
1750089600,0.00004729,bybit
1750118400,0.00003074,bybit
1750147200,0.00006718,bybit
1750176000,0.00003008,bybit
1750204800,-0.00001427,bybit
1750233600,0.00000243,bybit
1750262400,0.00002945,bybit
1750291200,0.00001655,bybit
1750320000,0.00001318,bybit
1750348800,-0.00000097,bybit
1750377600,0.00007635,bybit
1750406400,0.00006425,bybit
1750435200,0.00000709,bybit
1750464000,0.00003019,bybit
1750492800,-0.00002522,bybit
1750521600,0.00003388,bybit
1750550400,-0.00000539,bybit
1750579200,0.00007054,bybit
1750608000,0.00000617,bybit
1750636800,-0.00000853,bybit
1750665600,0.00001988,bybit
1750694400,-0.00003379,bybit
1750723200,0.00003432,bybit
1750752000,0.00005734,bybit
1750780800,0.00000619,bybit
1750809600,-0.00002753,bybit
1750838400,0.00004784,bybit
1750867200,-0.00002087,bybit
1750896000,-0.00007601,bybit
1750924800,0.00000685,bybit
1750953600,-0.00000066,bybit
1750982400,-0.0000185,bybit
1751011200,0.00001488,bybit
1751040000,0.00003673,bybit
1751068800,-0.00004711,bybit
1751097600,0.00001239,bybit
1751126400,0.00006048,bybit
1751155200,0.00004098,bybit
1751184000,0.00001443,bybit
1751212800,0.00000852,bybit
1751241600,0.00001024,bybit
1751270400,0.00004958,bybit
1751299200,-0.00000929,bybit
1751328000,-0.00000321,bybit
1751356800,-0.00002184,bybit
1751385600,0.00001879,bybit
1751414400,0.00004989,bybit
1751443200,0.00006496,bybit
1751472000,0.00005727,bybit
1751500800,0.00005264,bybit
1751529600,0.00005847,bybit
1751558400,0.00007064,bybit
1751587200,0.00005716,bybit
1751616000,0.00002295,bybit
1751644800,0.00002892,bybit
1751673600,0.0001,bybit
1751702400,0.00006637,bybit
1751731200,0.00006102,bybit
1751760000,0.00001647,bybit
1751788800,0.00000114,bybit
1751817600,0.00004813,bybit
1751846400,0.0000867,bybit
1751875200,0.00007141,bybit
1751904000,0.00002928,bybit
1751932800,-0.00005019,bybit
1751961600,0.00003413,bybit
1751990400,0.0000393,bybit
1752019200,0.00003556,bybit
1752048000,0.00004809,bybit
1752076800,0.0000667,bybit
1752105600,0.00008704,bybit
1752134400,0.000061,bybit
1752163200,0.0000794,bybit
1752192000,0.0001,bybit
1752220800,0.0001,bybit
1752249600,0.0001,bybit
1752278400,0.0001,bybit
1752307200,0.0001,bybit
1752336000,0.0001,bybit
1752364800,0.00007909,bybit
1752393600,0.00008875,bybit
1752422400,0.0000926,bybit
1752451200,0.00006157,bybit
1752480000,0.0001,bybit
1752508800,0.0001,bybit
1752537600,0.0001,bybit
1752566400,0.0001,bybit
1752595200,0.0001,bybit
1752624000,0.0001,bybit
1752652800,0.0001,bybit
1752681600,0.0001,bybit
1752710400,0.0001,bybit
1752739200,0.0001,bybit
1752768000,0.0001,bybit
1752796800,0.0001,bybit
1752825600,0.0001,bybit
1752854400,0.0001,bybit
1752883200,0.0001,bybit
1752912000,0.0001,bybit
1752940800,0.0001,bybit
1752969600,0.0001,bybit
1752998400,0.0001,bybit
1753027200,0.0001,bybit
1753056000,0.0001,bybit
1753084800,0.0001,bybit
1753113600,0.0001,bybit
1753142400,0.0001,bybit
1753171200,0.0001,bybit
1753200000,0.0001,bybit
1753228800,0.00011431,bybit
1753257600,0.0001,bybit
1753286400,0.0001,bybit
1753315200,0.0001,bybit
1753344000,0.0001,bybit
1753372800,0.0001,bybit
1753401600,0.0001,bybit
1753430400,0.0001,bybit
1753459200,0.0001,bybit
1753488000,0.0001,bybit
1753516800,0.0001,bybit
1753545600,0.0001,bybit
1753574400,0.0001,bybit
1753603200,0.0001,bybit
1753632000,0.0001,bybit
1753660800,0.0001,bybit
1753689600,0.0001,bybit
1753718400,0.0001,bybit
1753747200,0.0001,bybit
1753776000,0.0001,bybit
1753804800,0.0001,bybit
1753833600,0.0001,bybit
1753862400,0.0001,bybit
1753891200,0.0001,bybit
1753920000,0.0001,bybit
1753948800,0.0001,bybit
1753977600,0.0001,bybit
1754006400,-0.00001656,bybit
1754035200,-0.00006328,bybit
1754064000,0.0000378,bybit
1754092800,0.0001,bybit
1754121600,0.0001,bybit
1754150400,0.0001,bybit
1754179200,0.0001,bybit
1754208000,0.0001,bybit
1754236800,0.00007948,bybit
1754265600,0.00004923,bybit
1754294400,0.0000576,bybit
1754323200,0.00001817,bybit
1754352000,0.00007602,bybit
1754380800,0.0001,bybit
1754409600,0.00004579,bybit
1754438400,0.0001,bybit
1754467200,0.0001,bybit
1754496000,0.00008685,bybit
1754524800,0.00007728,bybit
1754553600,0.00009173,bybit
1754582400,0.00001388,bybit
1754611200,-0.00003108,bybit
1754640000,0.00003508,bybit
1754668800,0.00008916,bybit
1754697600,0.00000237,bybit
1754726400,0.0000759,bybit
1754755200,-0.00003166,bybit
1754784000,0.00000196,bybit
1754812800,0.0001,bybit
1754841600,0.0001,bybit
1754870400,0.0001,bybit
1754899200,0.0001,bybit
1754928000,0.0001,bybit
1754956800,0.0001,bybit
1754985600,0.0001,bybit
1755014400,0.00003101,bybit
1755043200,0.0001,bybit
1755072000,0.0001,bybit
1755100800,0.0001,bybit
1755129600,0.0001,bybit
1755158400,0.0001,bybit
1755187200,0.0001,bybit
1755216000,0.00009395,bybit
1755244800,0.0001,bybit
1755273600,0.0001,bybit
1755302400,0.00003229,bybit
1755331200,0.00005518,bybit
1755360000,0.00005028,bybit
1755388800,-0.00000725,bybit
1755417600,0.00006699,bybit
1755446400,0.00006233,bybit
1755475200,0.0001,bybit
1755504000,0.00009278,bybit
1755532800,0.0000241,bybit
1755561600,0.00005472,bybit
1755590400,-0.0000097,bybit
1755619200,0.00002078,bybit
1755648000,0.0001,bybit
1755676800,0.0001,bybit
1755705600,0.0001,bybit
1755734400,0.00008933,bybit
1755763200,0.0001,bybit
1755792000,0.0001,bybit
1755820800,0.00007466,bybit
1755849600,0.0001,bybit
1755878400,0.00007665,bybit
1755907200,0.0001,bybit
1755936000,0.0001,bybit
1755964800,0.0001,bybit
1755993600,0.0001,bybit
1756022400,0.0001,bybit
1756051200,0.0001,bybit
1756080000,0.0001,bybit
1756108800,0.0001,bybit
1756137600,0.0001,bybit
1756166400,0.0001,bybit
1756195200,0.0001,bybit
1756224000,0.0001,bybit
1756252800,0.0001,bybit
1756281600,0.0001,bybit
1756310400,0.00004016,bybit
1756339200,0.00003951,bybit
1756368000,0.00008813,bybit
1756396800,0.000076,bybit
1756425600,0.00004099,bybit
1756454400,0.00003251,bybit
1756483200,0.00004476,bybit
1756512000,0.0001,bybit
1756540800,0.0001,bybit
1756569600,0.0001,bybit
1756598400,0.0001,bybit
1756627200,0.00003706,bybit
1756656000,0.00005329,bybit
1756684800,0.00004929,bybit
1756713600,0.0001,bybit
1756742400,0.0001,bybit
1756771200,0.0001,bybit
1756800000,0.0001,bybit
1756828800,0.0001,bybit
1756857600,0.0001,bybit
1756886400,0.0001,bybit
1756915200,0.0001,bybit
1756944000,0.00009011,bybit
1756972800,0.0000543,bybit
1757001600,0.00005321,bybit
1757030400,0.00009591,bybit
1757059200,0.0001,bybit
1757088000,0.00009934,bybit
1757116800,0.00008521,bybit
1757145600,0.00004635,bybit
1757174400,-0.00000897,bybit
1757203200,0.00004448,bybit
1757232000,0.0001,bybit
1757260800,0.00007039,bybit
1757289600,0.0001,bybit
1757318400,0.00002857,bybit
1757347200,0.00007948,bybit
1757376000,0.00002551,bybit
1757404800,0.00001604,bybit
1757433600,0.00001388,bybit
1757462400,0.00003935,bybit
1757491200,0.0001,bybit
1757520000,0.00007774,bybit
1757548800,0.00000819,bybit
1757577600,0.00004762,bybit
1757606400,0.0001,bybit
1757635200,0.00009416,bybit
1757664000,0.00006127,bybit
1757692800,0.00009896,bybit
1757721600,-0.00003243,bybit
1757750400,0.00003148,bybit
1757779200,0.0000608,bybit
1757808000,0.00002142,bybit
1757836800,-0.00001938,bybit
1757865600,0.00005701,bybit
1757894400,0.00007622,bybit
1757923200,0.0001,bybit
1757952000,0.0000798,bybit
1757980800,0.0001,bybit
1758009600,0.0001,bybit
1758038400,0.00003464,bybit
1758067200,0.00008059,bybit
1758096000,0.00004581,bybit
1758124800,0.00004605,bybit
1758153600,0.0001,bybit
1758182400,0.0001,bybit
1758211200,0.00008669,bybit
1758240000,0.0000674,bybit
1758268800,0.00006754,bybit
1758297600,0.00003193,bybit
1758326400,0.0000292,bybit
1758355200,0.00008845,bybit
1758384000,0.0001,bybit
1758412800,0.00006911,bybit
1758441600,0.0001,bybit
1758470400,0.00008065,bybit
1758499200,0.00004095,bybit
1758528000,0.00008326,bybit
1758556800,0.00000086,bybit
1758585600,0.00003469,bybit
1758614400,-0.00001646,bybit
1758643200,-0.00002302,bybit
1758672000,-0.00002517,bybit
1758700800,0.00001004,bybit
1758729600,0.0000694,bybit
1758758400,0.00004029,bybit
1758787200,-0.00000374,bybit
1758816000,-0.00002638,bybit
1758844800,0.0000593,bybit
1758873600,0.00003018,bybit
1758902400,0.00007381,bybit
1758931200,0.00006796,bybit
1758960000,0.0000645,bybit
1758988800,0.00006911,bybit
1759017600,0.0001,bybit
1759046400,0.00001443,bybit
1759075200,0.00005984,bybit
1759104000,0.0001,bybit
1759132800,0.00006586,bybit
1759161600,0.0001,bybit
1759190400,0.00006638,bybit
1759219200,0.00008111,bybit
1759248000,0.00001288,bybit
1759276800,0.0001,bybit
1759305600,0.0001,bybit
1759334400,0.00002801,bybit
1759363200,0.00004183,bybit
1759392000,0.00006812,bybit
1759420800,0.00009106,bybit
1759449600,0.00001482,bybit
1759478400,0.00000066,bybit
1759507200,0.00001396,bybit
1759536000,0.00000884,bybit
1759564800,0.00005991,bybit
1759593600,0.00004757,bybit
1759622400,0.0001,bybit
1759651200,0.0001,bybit
1759680000,0.00007664,bybit
1759708800,0.00009618,bybit
1759737600,0.0001,bybit
1759766400,0.0000758,bybit
1759795200,0.00000246,bybit
1759824000,-0.00002887,bybit
1759852800,0.0001,bybit
1759881600,0.0001,bybit
1759910400,0.0001,bybit
1759939200,0.0001,bybit
1759968000,0.00003109,bybit
1759996800,0.00003706,bybit
1760025600,0.00005581,bybit
1760054400,0.0001,bybit
1760083200,0.0001,bybit
1760112000,0.00004578,bybit
1760140800,-0.00014131,bybit
1760169600,0.0001,bybit
1760198400,0.0001,bybit
1760227200,-0.00000737,bybit
1760256000,0.0000284,bybit
1760284800,0.00006092,bybit
1760313600,0.0001,bybit
1760342400,0.0001,bybit
1760371200,0.00004824,bybit
1760400000,0.00007775,bybit
1760428800,-0.00002259,bybit
1760457600,0.0000003,bybit
1760486400,0.00000962,bybit
1760515200,0.00002225,bybit
1760544000,-0.00000158,bybit
1760572800,0.00000329,bybit
1760601600,-0.00000475,bybit
1760630400,-0.00003787,bybit
1760659200,0.00000925,bybit
1760688000,-0.00000891,bybit
1760716800,0.00001371,bybit
1760745600,-0.00002473,bybit
1760774400,-0.00001289,bybit
1760803200,0.00005928,bybit
1760832000,0.00003953,bybit
1760860800,0.00003762,bybit
1760889600,0.0001,bybit
1760918400,0.00005677,bybit
1760947200,0.0001,bybit
1760976000,0.0001,bybit
1761004800,0.00007228,bybit
1761033600,0.00001871,bybit
1761062400,0.00008799,bybit
1761091200,0.00002025,bybit
1761120000,0.00004647,bybit
1761148800,0.000055,bybit
1761177600,0.00005646,bybit
1761206400,0.0001,bybit
1761235200,0.00006755,bybit
1761264000,-0.00000164,bybit
1761292800,0.0001,bybit
1761321600,0.00004654,bybit
1761350400,0.00003168,bybit
1761379200,0.0001,bybit
1761408000,0.0001,bybit
1761436800,0.00009909,bybit
1761465600,0.00005578,bybit
1761494400,0.0001,bybit
1761523200,0.0001,bybit
1761552000,0.0001,bybit
1761580800,0.00005882,bybit
1761609600,0.00001045,bybit
1761638400,0.00003558,bybit
1761667200,0.00008991,bybit
1761696000,-0.00000396,bybit
1761724800,0.00001593,bybit
1761753600,0.00001663,bybit
1761782400,0.00002081,bybit
1761811200,0.0000362,bybit
1761840000,-0.00002633,bybit
1761868800,0.00002357,bybit
1761897600,0.0001,bybit
1761926400,0.00005658,bybit
1761955200,0.00002475,bybit
1761984000,0.00002432,bybit
1762012800,0.00006744,bybit
1762041600,0.00005819,bybit
1762070400,0.0000476,bybit
1762099200,0.00001946,bybit
1762128000,0.00002067,bybit
1762156800,-0.00004708,bybit
1762185600,0.0000529,bybit
1762214400,0.00003846,bybit
1762243200,-0.00001217,bybit
1762272000,0.00004548,bybit
1762300800,0.00004865,bybit
1762329600,0.00001344,bybit
1762358400,-0.0000114,bybit
1762387200,0.00002099,bybit
1762416000,0.00003291,bybit
1762444800,0.00004827,bybit
1762473600,-0.00003307,bybit
1762502400,0.00003929,bybit
1762531200,0.0000252,bybit
1762560000,0.00007924,bybit
1762588800,0.00000847,bybit
1762617600,-0.00000744,bybit
1762646400,-0.00000171,bybit
1762675200,0.00003745,bybit
1762704000,0.00007699,bybit
1762732800,0.00009233,bybit
1762761600,0.00008068,bybit
1762790400,0.00004716,bybit
1762819200,0.0000135,bybit
1762848000,-0.00004885,bybit
1762876800,0.00005706,bybit
1762905600,0.00006811,bybit
1762934400,0.00003386,bybit
1762963200,0.00009323,bybit
1762992000,-0.00001163,bybit
1763020800,0.00001427,bybit
1763049600,0.00002564,bybit
1763078400,-0.00004056,bybit
1763107200,0.00001296,bybit
1763136000,0.00005789,bybit
1763164800,0.00004552,bybit
1763193600,0.0000712,bybit
1763222400,0.0000447,bybit
1763251200,0.00000979,bybit
1763280000,0.00003754,bybit
1763308800,0.00004955,bybit
1763337600,0.00005953,bybit
1763366400,0.0001,bybit
1763395200,0.00007101,bybit
1763424000,0.00008162,bybit
1763452800,0.0000431,bybit
1763481600,0.0001,bybit
1763510400,0.00004908,bybit
1763539200,-0.00000434,bybit
1763568000,-0.00000981,bybit
1763596800,0.00004555,bybit
1763625600,0.0001,bybit
1763654400,0.00001338,bybit
1763683200,-0.00000479,bybit
1763712000,-0.00000726,bybit
1763740800,0.00005602,bybit
1763769600,0.0000339,bybit
1763798400,0.00002259,bybit
1763827200,0.00006123,bybit
1763856000,0.00004974,bybit
1763884800,0.00004368,bybit
1763913600,0.00000931,bybit
1763942400,-0.00001427,bybit
1763971200,-0.00003212,bybit
1764000000,-0.00000016,bybit
1764028800,-0.00006725,bybit
1764057600,-0.00000414,bybit
1764086400,-0.00004901,bybit
1764115200,-0.00000927,bybit
1764144000,-0.00000268,bybit
1764172800,0.00000162,bybit
1764201600,0.0000341,bybit
1764230400,-0.00000303,bybit
1764259200,-0.00000801,bybit
1764288000,0.0000017,bybit
1764316800,-0.00000378,bybit
1764345600,-0.00000746,bybit
1764374400,-0.00009691,bybit
1764403200,-0.00000976,bybit
1764432000,0.00001029,bybit
1764460800,0.00007307,bybit
1764489600,0.00005238,bybit
1764518400,0.00001622,bybit
1764547200,0.0000075,bybit
1764576000,-0.00000605,bybit
1764604800,-0.00000107,bybit
1764633600,-0.00000917,bybit
1764662400,0.00004832,bybit
1764691200,0.0000179,bybit
1764720000,0.00000924,bybit
1764748800,0.0000273,bybit
1764777600,0.00003174,bybit
1764806400,0.00007408,bybit
1764835200,0.00003057,bybit
1764864000,-0.00000857,bybit
1764892800,0.00001741,bybit
1764921600,0.00004438,bybit
1764950400,-0.00000868,bybit
1764979200,-0.00000586,bybit
1765008000,-0.0000331,bybit
1765036800,-0.00004707,bybit
1765065600,-0.00000828,bybit
1765094400,-0.00001167,bybit
1765123200,0.00002284,bybit
1765152000,0.0000287,bybit
1765180800,0.00008354,bybit
1765209600,0.00003817,bybit
1765238400,-0.00001767,bybit
1765267200,0.00001299,bybit
1765296000,0.00001324,bybit
1765324800,0.00003203,bybit
1765353600,0.00001545,bybit
1765382400,0.00001461,bybit
1765411200,0.00003674,bybit
1765440000,-0.00002557,bybit
1765468800,0.0000362,bybit
1765497600,0.00008389,bybit
1765526400,0.00009806,bybit
1765555200,0.00002758,bybit
1765584000,-0.00000341,bybit
1765612800,-0.00000263,bybit
1765641600,0.00003709,bybit
1765670400,0.00003698,bybit
1765699200,0.00001145,bybit
1765728000,-0.00000781,bybit
1765756800,0.00000488,bybit
1765785600,0.00002867,bybit
1765814400,0.00003887,bybit
1765843200,0.00000757,bybit
1765872000,-0.00001351,bybit
1765900800,0.00005556,bybit
1765929600,0.00004598,bybit
1765958400,0.00001137,bybit
1765987200,0.00008443,bybit
1766016000,0.00000163,bybit
1766044800,0.00007539,bybit
1766073600,0.0001,bybit
1766102400,-0.00000676,bybit
1766131200,0.00001709,bybit
1766160000,0.00007296,bybit
1766188800,0.0000318,bybit
1766217600,-0.0000071,bybit
1766246400,-0.00003557,bybit
1766275200,0.00001724,bybit
1766304000,-0.00000537,bybit
1766332800,-0.00001499,bybit
1766361600,0.00005372,bybit
1766390400,0.00005485,bybit
1766419200,0.0000676,bybit
1766448000,-0.00002911,bybit
1766476800,-0.00001673,bybit
1766505600,0.00001491,bybit
1766534400,0.00002786,bybit
1766563200,-0.00002072,bybit
1766592000,0.00004572,bybit
1766620800,0.00009492,bybit
1766649600,0.0000746,bybit
1766678400,0.00005249,bybit
1766707200,0.00003744,bybit
1766736000,0.0001,bybit
1766764800,0.0001,bybit
1766793600,0.00003048,bybit
1766822400,0.00002438,bybit
1766851200,0.00006103,bybit
1766880000,0.00005786,bybit
1766908800,0.0001,bybit
1766937600,0.00009813,bybit
1766966400,0.00003373,bybit
1766995200,0.0001,bybit
1767024000,-0.00002482,bybit
1767052800,0.00005475,bybit
1767081600,-0.00003667,bybit
1767110400,0.00006054,bybit
1767139200,0.00003257,bybit
1767168000,0.00009464,bybit
1767196800,0.0001,bybit
1767225600,0.00003574,bybit
1767254400,0.00008507,bybit
1767283200,0.00000947,bybit
1767312000,0.0001,bybit
1767340800,0.0001,bybit
1767369600,0.00005313,bybit
1767398400,-0.00002524,bybit
1767427200,0.00002096,bybit
1767456000,0.00005118,bybit
1767484800,0.0001,bybit
1767513600,0.00006052,bybit
1767542400,-0.00000079,bybit
1767571200,-0.00001535,bybit
1767600000,0.00005121,bybit
1767628800,0.00004996,bybit
1767657600,-0.00004661,bybit
1767686400,-0.0000222,bybit
1767715200,0.0000468,bybit
1767744000,0.00009017,bybit
1767772800,0.00009575,bybit
1767801600,0.00002304,bybit
1767830400,0.00008564,bybit
1767859200,-0.0000138,bybit
1767888000,0.0000529,bybit
1767916800,0.00000224,bybit
1767945600,0.00005446,bybit
1767974400,0.00001388,bybit
1768003200,0.00005876,bybit
1768032000,0.0001,bybit
1768060800,0.00008103,bybit
1768089600,0.00004147,bybit
1768118400,0.00009574,bybit
1768147200,0.00004794,bybit
1768176000,0.00003946,bybit
1768204800,0.00002655,bybit
1768233600,0.00000558,bybit
1768262400,0.00002203,bybit
1768291200,0.0001,bybit
1768320000,0.00008533,bybit
1768348800,0.00007769,bybit
1768377600,0.0001,bybit
1768406400,0.0001,bybit
1768435200,-0.00000768,bybit
1768464000,0.00000193,bybit
1768492800,-0.00000441,bybit
1768521600,-0.00003671,bybit
1768550400,0.00005038,bybit
1768579200,0.00000396,bybit
1768608000,0.00006897,bybit
1768636800,0.00001796,bybit
1768665600,0.00000464,bybit
1768694400,0.00000495,bybit
1768723200,0.00004877,bybit
1768752000,0.00001662,bybit
1768780800,-0.00001073,bybit
1768809600,-0.00002772,bybit
1768838400,0.000021,bybit
1768867200,0.00003081,bybit
1768896000,-0.00001587,bybit
1768924800,-0.00001241,bybit
1768953600,0.00003191,bybit
1768982400,0.0000033,bybit
1769011200,0.00004007,bybit
1769040000,0.00005715,bybit
1769068800,0.00003047,bybit
1769097600,0.00000046,bybit
1769126400,0.00004883,bybit
1769155200,0.00002626,bybit
1769184000,-0.00003242,bybit
1769212800,-0.00000922,bybit
1769241600,-0.00002571,bybit
1769270400,-0.00002308,bybit
1769299200,-0.00002888,bybit
1769328000,0.00004576,bybit
1769356800,0.00003977,bybit
1769385600,-0.00000242,bybit
1769414400,0.00004497,bybit
1769443200,0.000037,bybit
1769472000,0.00003771,bybit
1769500800,0.00001233,bybit
1769529600,-0.00003249,bybit
1769558400,0.00005878,bybit
1769587200,0.00007136,bybit
1769616000,0.00004604,bybit
1769644800,0.00002277,bybit
1769673600,0.00001655,bybit
1769702400,-0.00000685,bybit
1769731200,-0.00001576,bybit
1769760000,-0.00006865,bybit
1769788800,-0.00004013,bybit
1769817600,0.00009175,bybit
1769846400,0.00004577,bybit
1769875200,0.00002269,bybit
1769904000,0.00000818,bybit
1769932800,-0.00001777,bybit
1769961600,0.00001922,bybit
1769990400,0.00005086,bybit
1770019200,0.00000333,bybit
1770048000,-0.00002239,bybit
1770076800,-0.00002664,bybit
1770105600,0.00002969,bybit
1770134400,-0.00004127,bybit
1770163200,0.00000278,bybit
1770192000,0.00009059,bybit
1770220800,0.00004301,bybit
1770249600,0.0000471,bybit
1770278400,0.00002503,bybit
1770307200,0.00002066,bybit
1770336000,0.00000872,bybit
1770364800,-0.00000784,bybit
1770393600,-0.00009333,bybit
1770422400,-0.00006377,bybit
1770451200,0.00001339,bybit
1770480000,0.00002463,bybit
1770508800,0.00000651,bybit
1770537600,-0.00004565,bybit
1770566400,-0.00000966,bybit
1770595200,0.00001522,bybit
1770624000,-0.00001797,bybit
1770652800,-0.00003862,bybit
1770681600,0.000061,bybit
1770710400,-0.0000432,bybit
1770739200,-0.00005877,bybit
1770768000,-0.00002347,bybit
1770796800,-0.00006234,bybit
1770825600,-0.00000841,bybit
1770854400,0.00000904,bybit
1770883200,0.00007205,bybit
1770912000,0.0001,bybit
1770940800,0.00000148,bybit
1770969600,0.00003691,bybit
1770998400,0.00003088,bybit
1771027200,-0.00001529,bybit
1771056000,-0.0000151,bybit
1771084800,0.00008737,bybit
1771113600,0.00006207,bybit
1771142400,0.00003283,bybit
1771171200,0.0000212,bybit
1771200000,0.00007436,bybit
1771228800,0.00003523,bybit
1771257600,-0.00002246,bybit
1771286400,0.00003206,bybit
1771315200,0.00001909,bybit
1771344000,-0.00001232,bybit
1771372800,0.00001873,bybit
1771401600,-0.0000017,bybit
1771430400,0.00000404,bybit
1771459200,-0.00001595,bybit
1771488000,0.000052,bybit
1771516800,0.00000929,bybit
1771545600,0.0001,bybit
1771574400,0.0001,bybit
1771603200,0.00007455,bybit
1771632000,0.0001,bybit
1771660800,0.00009803,bybit
1771689600,0.00008445,bybit
1771718400,0.00001996,bybit
1771747200,-0.00002637,bybit
1771776000,-0.00000755,bybit
1771804800,-0.00000232,bybit
1771833600,-0.00006028,bybit
1771862400,0.00001294,bybit
1771891200,-0.00004456,bybit
1771920000,-0.0000839,bybit
1771948800,0.00002037,bybit
1771977600,0.00001405,bybit
1772006400,0.0001,bybit
1772035200,0.00005544,bybit
1772064000,0.00003563,bybit
1772092800,0.0001,bybit
1772121600,0.00004048,bybit
1772150400,0.00003949,bybit
1772179200,-0.0000067,bybit
1772208000,-0.00000123,bybit
1772236800,-0.000013,bybit
1772265600,-0.00004555,bybit
1772294400,-0.00002304,bybit
1772323200,0.0000272,bybit
1772352000,0.00009248,bybit
1772380800,0.00006513,bybit
1772409600,0.00001312,bybit
1772438400,0.00003004,bybit
1772467200,0.00002662,bybit
1772496000,0.00001835,bybit
1772524800,0.00001216,bybit
1772553600,0.00000704,bybit
1772582400,0.00002232,bybit
1772611200,-0.00000533,bybit
1772640000,0.00003549,bybit
1772668800,-0.00005395,bybit
1772697600,-0.00004077,bybit
1772726400,-0.00004675,bybit
1772755200,-0.0000065,bybit
1772784000,0.0000017,bybit
1772812800,-0.00000368,bybit
1772841600,-0.00005886,bybit
1772870400,-0.00002954,bybit
1772899200,-0.0000184,bybit
1772928000,-0.00003754,bybit
1772956800,-0.00004305,bybit
1772985600,-0.00003147,bybit
1773014400,-0.00003904,bybit
1773043200,-0.00002969,bybit
1773072000,-0.00004027,bybit
1773100800,-0.00006036,bybit
1773129600,0.00005053,bybit
1773158400,0.00003653,bybit
1773187200,-0.00010651,bybit
1773216000,-0.00004524,bybit
1773244800,-0.00003643,bybit